iter	Logloss
0	0.6515422908
100	0.3671131669
